Technologie,itération,Capacité,Nombre de Fogs, Hit rate, Ratio OriginUser,Latence_P50,Latence_P90,Latence_P99
LRU,1000000,50000000,1,0.0731854449281607,92.03613030163527,200.00400000000081,200.00400000001537,200.00400000001537
LRU,1000000,50000000,1,0.07883967546023914,91.47763725599408,200.00400000000081,200.00400000001537,200.00400000001537
LRU,1000000,50000000,1,0.07590825698967506,91.86720299900122,200.00400000000081,200.00400000001537,200.00400000001537
LRU,1000000,50000000,1,0.07794523103712764,91.26566166791963,200.00400000000081,200.00400000001537,200.00400000001537
LRU,1000000,50000000,1,0.07428432165105331,92.12241280876839,200.00400000000081,200.00400000001537,200.00400000001537
LRU,1000000,50000000,1,0.08132486372245919,90.93694802137769,200.00400000000081,200.00400000001537,200.00400000001537
LRU,1000000,50000000,1,0.07390700490260087,91.78470332216143,200.00400000000081,200.00400000001537,200.00400000001537
LRU,1000000,50000000,1,0.07527398948284207,91.8198650541635,200.00400000000081,200.00400000001537,200.00400000001537
LRU,1000000,50000000,1,0.07825716853879076,91.78162767082263,200.00400000000081,200.00400000001537,200.00400000001537
LRU,1000000,50000000,1,0.07130601819225268,92.10216391680176,200.00400000000081,200.00400000001537,200.00400000001537
LRU,1000000,100000000,1,0.08572974322693412,90.15408831619477,200.00400000000081,200.00400000001537,200.00400000001537
LRU,1000000,100000000,1,0.09076394844690822,89.72328836519412,200.00400000000081,200.00400000001537,200.00400000001537
LRU,1000000,100000000,1,0.08706902185860531,90.20987923157931,200.00400000000081,200.00400000001537,200.00400000001537
LRU,1000000,100000000,1,0.08786960672125413,89.77035091675101,200.00400000000081,200.00400000001537,200.00400000001537
LRU,1000000,100000000,1,0.08616093320454714,90.26380250787513,200.00400000000081,200.00400000001537,200.00400000001537
LRU,1000000,100000000,1,0.09194789184832214,89.13160090602776,200.00400000000081,200.00400000001537,200.00400000001537
LRU,1000000,100000000,1,0.08459195668435864,90.03010528537045,200.00400000000081,200.00400000001537,200.00400000001537
LRU,1000000,100000000,1,0.08681649097369953,90.08271354221245,200.00400000000081,200.00400000001537,200.00400000001537
LRU,1000000,100000000,1,0.09154663581504492,89.71081801266259,200.00400000000081,200.00400000001537,200.00400000001537
LRU,1000000,100000000,1,0.08234831982287612,90.40048518321213,200.00400000000081,200.00400000001537,200.00400000001537
LRU,1000000,150000000,1,0.09054493866310606,89.76911817522499,200.00400000000081,200.00400000001537,200.00400000001537
LRU,1000000,150000000,1,0.09576691536808007,89.36300053390612,200.00400000000081,200.00400000001537,200.00400000001537
LRU,1000000,150000000,1,0.09207563355613539,89.79537645978401,200.00400000000081,200.00400000001537,200.00400000001537
LRU,1000000,150000000,1,0.09413774019435733,89.4101219923543,200.00400000000081,200.00400000001537,200.00400000001537
LRU,1000000,150000000,1,0.09245494622180597,89.85426848677939,200.00400000000081,200.00400000001537,200.00400000001537
LRU,1000000,150000000,1,0.09823621410434048,88.70667387544592,200.00400000000081,200.00400000001537,200.00400000001537
LRU,1000000,150000000,1,0.09103204203953719,89.6017423401059,200.00400000000081,200.00400000001537,200.00400000001537
LRU,1000000,150000000,1,0.09256059486641721,89.6130569764905,200.00400000000081,200.00400000001537,200.00400000001537
LRU,1000000,150000000,1,0.09712017843085805,89.23018637004076,200.00400000000081,200.00400000001537,200.00400000001537
LRU,1000000,150000000,1,0.08726056098419956,90.12464683224323,200.00400000000081,200.00400000001537,200.00400000001537
LRU,1000000,300000000,1,0.10455137953508581,90.10994226370282,200.00400000000081,200.00400000001537,200.00400000001537
LRU,1000000,300000000,1,0.11019120003137889,89.83458796044876,200.00400000000081,200.00400000001537,200.00400000001537
LRU,1000000,300000000,1,0.10697368301879957,90.26784898963996,200.00400000000081,200.00400000001537,200.00400000001537
LRU,1000000,300000000,1,0.11111883126298999,89.81075613753356,200.00400000000081,200.00400000001537,200.00400000001537
LRU,1000000,300000000,1,0.106899003191602,90.45472092545012,200.00400000000081,200.00400000001537,200.00400000001537
LRU,1000000,300000000,1,0.11572884814493953,89.19953558237609,200.00400000000081,200.00400000001537,200.00400000001537
LRU,1000000,300000000,1,0.10515925124294757,90.13890631462266,200.00400000000081,200.00400000001537,200.00400000001537
LRU,1000000,300000000,1,0.10788366695677401,90.12090692129264,200.00400000000081,200.00400000001537,200.00400000001537
LRU,1000000,300000000,1,0.1144540003633941,89.72353762350431,200.00400000000081,200.00400000001537,200.00400000001537
LRU,1000000,300000000,1,0.10388993446174515,90.42769001583358,200.00400000000081,200.00400000001537,200.00400000001537
LRU,1000000,500000000,1,0.13696842567411002,88.66986256511682,200.00399999998626,200.00400000001537,200.00400000001537
LRU,1000000,500000000,1,0.13859412611417285,88.4828397192115,200.00399999998626,200.00400000001537,200.00400000001537
LRU,1000000,500000000,1,0.1344296242158475,88.96204014070442,200.00399999999718,200.00400000001537,200.00400000001537
LRU,1000000,500000000,1,0.1353303234184991,88.99515990161804,200.00399999998626,200.00400000001537,200.00400000001537
LRU,1000000,500000000,1,0.1335185004512305,89.19784063866805,200.00399999998626,200.00400000001537,200.00400000001537
LRU,1000000,500000000,1,0.14552592805000442,88.02193817874105,200.00399999998626,200.00400000001537,200.00400000001537
LRU,1000000,500000000,1,0.13119365594085056,89.2352051879555,200.00399999998626,200.00400000001537,200.00400000001537
LRU,1000000,500000000,1,0.13539502545845042,89.08255073368814,200.00399999998626,200.00400000001537,200.00400000001537
LRU,1000000,500000000,1,0.14563157330720594,88.44041777993063,200.00399999998626,200.00400000001537,200.00400000001537
LRU,1000000,500000000,1,0.1334440989805081,89.19448863353298,200.00399999998626,200.00400000001537,200.00400000001537
LRU,1000000,50000000,2,0.07979060306200306,90.24401863882282,200.00400000000081,200.00400000001537,200.00400000001537
LRU,1000000,50000000,2,0.08558777376399548,89.93554275134515,200.00400000000081,200.00400000001537,200.00400000001537
LRU,1000000,50000000,2,0.08062466648387771,90.62488578234601,200.00400000000081,200.00400000001537,200.00400000001537
LRU,1000000,50000000,2,0.082715336722252,90.0733879057346,200.00400000000081,200.00400000001537,200.00400000001537
LRU,1000000,50000000,2,0.08172339320697714,90.40378637023491,200.00400000000081,200.00400000001537,200.00400000001537
LRU,1000000,50000000,2,0.08617278006447104,89.45260390808285,200.00400000000081,200.00400000001537,200.00400000001537
LRU,1000000,50000000,2,0.07948804112649817,90.32520425558297,200.00400000000081,200.00400000001537,200.00400000001537
LRU,1000000,50000000,2,0.08081713530854878,90.475896305116,200.00400000000081,200.00400000001537,200.00400000001537
LRU,1000000,50000000,2,0.08551180128248556,89.86163102460205,200.00400000000081,200.00400000001537,200.00400000001537
LRU,1000000,50000000,2,0.07742954030090793,90.75783144991571,200.00400000000081,200.00400000001537,200.00400000001537
LRU,1000000,100000000,2,0.08447258981442592,90.16902122307754,200.00400000000081,200.00400000001537,200.00400000001537
LRU,1000000,100000000,2,0.09087570487608397,90.06998816100445,200.00400000000081,200.00400000001537,200.00400000001537
LRU,1000000,100000000,2,0.08662018513695874,90.3126037933162,200.00400000000081,200.00400000001537,200.00400000001537
LRU,1000000,100000000,2,0.08893304039369193,89.95196081773372,200.00400000000081,200.00400000001537,200.00400000001537
LRU,1000000,100000000,2,0.08758888170652876,90.3872828290421,200.00400000000081,200.00400000001537,200.00400000001537
LRU,1000000,100000000,2,0.09172062836492367,89.35270974552739,200.00400000000081,200.00400000001537,200.00400000001537
LRU,1000000,100000000,2,0.08521225360909578,90.17949401125985,200.00400000000081,200.00400000001537,200.00400000001537
LRU,1000000,100000000,2,0.08705269774999704,90.46393592739908,200.00400000000081,200.00400000001537,200.00400000001537
LRU,1000000,100000000,2,0.09125095864288739,89.78488974082448,200.00400000000081,200.00400000001537,200.00400000001537
LRU,1000000,100000000,2,0.08243053823218464,90.73600304076636,200.00400000000081,200.00400000001537,200.00400000001537
LRU,1000000,150000000,2,0.08872710625432904,90.3800589413523,200.00400000000081,200.00400000001537,200.00400000001537
LRU,1000000,150000000,2,0.0946101548669275,90.29024358798837,200.00400000000081,200.00400000001537,200.00400000001537
LRU,1000000,150000000,2,0.09012860215437614,90.67229074616287,200.00400000000081,200.00400000001537,200.00400000001537
LRU,1000000,150000000,2,0.09331745795505283,90.16091026314452,200.00400000000081,200.00400000001537,200.00400000001537
LRU,1000000,150000000,2,0.09203718228205213,90.68454063566399,200.00400000000081,200.00400000001537,200.00400000001537
LRU,1000000,150000000,2,0.09728226017148421,89.62199875793816,200.00400000000081,200.00400000001537,200.00400000001537
LRU,1000000,150000000,2,0.08927434091869595,90.49177977786971,200.00400000000081,200.00400000001537,200.00400000001537
LRU,1000000,150000000,2,0.09052986624475214,90.75513030133546,200.00400000000081,200.00400000001537,200.00400000001537
LRU,1000000,150000000,2,0.09542422518091277,90.20459312195656,200.00400000000081,200.00400000001537,200.00400000001537
LRU,1000000,150000000,2,0.08739750642497038,90.87603104334201,200.00400000000081,200.00400000001537,200.00400000001537
LRU,1000000,300000000,2,0.11060431585639402,89.3590107512696,200.00400000000081,200.00400000001537,200.00400000001537
LRU,1000000,300000000,2,0.1168710037308509,89.02499655847713,200.00400000000081,200.00400000001537,200.00400000001537
LRU,1000000,300000000,2,0.11599488509473381,89.27129561187785,200.00400000000081,200.00400000001537,200.00400000001537
LRU,1000000,300000000,2,0.11245963433812318,89.4564689521452,200.00400000000081,200.00400000001537,200.00400000001537
LRU,1000000,300000000,2,0.11355953085700034,89.50135918870048,200.00400000000081,200.00400000001537,200.00400000001537
LRU,1000000,300000000,2,0.11958602303533182,88.55727168545972,200.00400000000081,200.00400000001537,200.00400000001537
LRU,1000000,300000000,2,0.11171013152085442,89.45318729839434,200.00400000000081,200.00400000001537,200.00400000001537
LRU,1000000,300000000,2,0.11401091884778213,89.53214711016471,200.00400000000081,200.00400000001537,200.00400000001537
LRU,1000000,300000000,2,0.11620969484526182,89.05646325615227,200.00400000000081,200.00400000001537,200.00400000001537
LRU,1000000,300000000,2,0.11193868349864743,89.41784698740202,200.00399999998626,200.00400000001537,200.00400000001537
LRU,1000000,500000000,2,0.1479216243129492,85.58481575592526,200.00399999998626,200.00400000001537,200.00400000001537
LRU,1000000,500000000,2,0.14982328751452534,85.56955827074856,200.00399999998626,200.00400000001537,200.00400000001537
LRU,1000000,500000000,2,0.1514755582377791,85.94790608405476,200.00399999998626,200.00400000001537,200.00400000001537
LRU,1000000,500000000,2,0.1504224129093727,85.75277340445292,200.00399999998626,200.00400000001537,200.00400000001537
LRU,1000000,500000000,2,0.14781851017706987,86.0676319060552,200.00399999998626,200.00400000001537,200.00400000001537
LRU,1000000,500000000,2,0.1539375776668502,85.14800788664067,200.00399999998626,200.00400000001537,200.00400000001537
LRU,1000000,500000000,2,0.14687378476880086,85.78979288914435,200.00399999998626,200.00400000001537,200.00400000001537
LRU,1000000,500000000,2,0.15168223791089666,85.97791586797767,200.00399999998626,200.00400000001537,200.00400000001537
LRU,1000000,500000000,2,0.1483074491541016,85.98544545780797,200.00399999998626,200.00400000001537,200.00400000001537
LRU,1000000,500000000,2,0.1480900510104042,85.80874338282453,200.00399999998626,200.00400000001537,200.00400000001537
LRU,1000000,50000000,3,0.08043389998058219,90.22218890221133,200.00400000000081,200.00400000001537,200.00400000001537
LRU,1000000,50000000,3,0.08482836621083709,89.95625557293143,200.00400000000081,200.00400000001537,200.00400000001537
LRU,1000000,50000000,3,0.08190540055646732,90.2112325634418,200.00400000000081,200.00400000001537,200.00400000001537
LRU,1000000,50000000,3,0.08368114688762018,89.90920987594711,200.00400000000081,200.00400000001537,200.00400000001537
LRU,1000000,50000000,3,0.08170385921108032,90.31949720667744,200.00400000000081,200.00400000001537,200.00400000001537
LRU,1000000,50000000,3,0.08606918165172074,89.54412622956048,200.00400000000081,200.00400000001537,200.00400000001537
LRU,1000000,50000000,3,0.07921605099965565,90.30251482986363,200.00400000000081,200.00400000001537,200.00400000001537
LRU,1000000,50000000,3,0.08279711057864961,90.13038882845287,200.00400000000081,200.00400000001537,200.00400000001537
LRU,1000000,50000000,3,0.0847336116750747,89.8675140037249,200.00400000000081,200.00400000001537,200.00400000001537
LRU,1000000,50000000,3,0.07784802280897483,90.623020966679,200.00400000000081,200.00400000001537,200.00400000001537
LRU,1000000,100000000,3,0.08457050942776971,90.44120625716194,200.00400000000081,200.00400000001537,200.00400000001537
LRU,1000000,100000000,3,0.08816495015826523,90.22398006479713,200.00400000000081,200.00400000001537,200.00400000001537
LRU,1000000,100000000,3,0.08532551340453647,90.50685881584901,200.00400000000081,200.00400000001537,200.00400000001537
LRU,1000000,100000000,3,0.08943701193283485,90.15777537238905,200.00400000000081,200.00400000001537,200.00400000001537
LRU,1000000,100000000,3,0.08528123528523326,90.6854273790809,200.00400000000081,200.00400000001537,200.00400000001537
LRU,1000000,100000000,3,0.09032067560385047,89.87094646291715,200.00400000000081,200.00400000001537,200.00400000001537
LRU,1000000,100000000,3,0.08323858926075937,90.69110895685658,200.00400000000081,200.00400000001537,200.00400000001537
LRU,1000000,100000000,3,0.08721431300366354,90.49949086204485,200.00400000000081,200.00400000001537,200.00400000001537
LRU,1000000,100000000,3,0.09031086504535359,90.15856923072164,200.00400000000081,200.00400000001537,200.00400000001537
LRU,1000000,100000000,3,0.08230087444864617,90.8542219644913,200.00400000000081,200.00400000001537,200.00400000001537
LRU,1000000,150000000,3,0.09163161745896714,90.44426795098043,200.00400000000081,200.00400000001537,200.00400000001537
LRU,1000000,150000000,3,0.09357276481697248,90.1819484659489,200.00400000000081,200.00400000001537,200.00400000001537
LRU,1000000,150000000,3,0.09154707974374655,90.44755862058767,200.00400000000081,200.00400000001537,200.00400000001537
LRU,1000000,150000000,3,0.09487473391190437,90.29980008038275,200.00400000000081,200.00400000001537,200.00400000001537
LRU,1000000,150000000,3,0.0904741954366229,90.62795839100276,200.00400000000081,200.00400000001537,200.00400000001537
LRU,1000000,150000000,3,0.09615367510369631,89.72079698460783,200.00400000000081,200.00400000001537,200.00400000001537
LRU,1000000,150000000,3,0.0889328415388179,90.5179771445475,200.00400000000081,200.00400000001537,200.00400000001537
LRU,1000000,150000000,3,0.09163180663243144,90.64955699383859,200.00400000000081,200.00400000001537,200.00400000001537
LRU,1000000,150000000,3,0.0972758950249022,89.94328098364636,200.00400000000081,200.00400000001537,200.00400000001537
LRU,1000000,150000000,3,0.08869414885689589,90.80667244871033,200.00400000000081,200.00400000001537,200.00400000001537
LRU,1000000,300000000,3,0.1202104287785267,87.91178947154773,200.0039999999999,200.00400000001537,200.00400000001537
LRU,1000000,300000000,3,0.11977413594178098,87.8338224907991,200.0039999999999,200.00400000001537,200.00400000001537
LRU,1000000,300000000,3,0.11882837692583303,88.18458114607107,200.00400000000081,200.00400000001537,200.00400000001537
LRU,1000000,300000000,3,0.11847490486106124,88.29556976435863,200.00400000000081,200.00400000001537,200.00400000001537
LRU,1000000,300000000,3,0.11542265367526884,88.43998084385038,200.0039999999999,200.00400000001537,200.00400000001537
LRU,1000000,300000000,3,0.12376823254220116,87.2447474645341,200.0039999999999,200.00400000001537,200.00400000001537
LRU,1000000,300000000,3,0.11438502817519687,88.2754330297961,200.00400000000081,200.00400000001537,200.00400000001537
LRU,1000000,300000000,3,0.12136674423195411,88.11968915059593,200.0039999999999,200.00400000001537,200.00400000001537
LRU,1000000,300000000,3,0.12388981601172652,87.63987073212213,200.00400000000081,200.00400000001537,200.00400000001537
LRU,1000000,300000000,3,0.1167171177321273,88.26553245982704,200.00399999998626,200.00400000001537,200.00400000001537
LRU,1000000,500000000,3,0.15188128543517088,84.34636484442551,200.00399999998626,200.00400000001537,200.00400000001537
LRU,1000000,500000000,3,0.15410275511516794,84.19068261621103,200.00399999998626,200.00400000001537,200.00400000001537
LRU,1000000,500000000,3,0.15271853733346114,84.54223779882007,200.00399999998626,200.00400000001537,200.00400000001537
LRU,1000000,500000000,3,0.14767185897397447,85.1273472611253,200.00399999998626,200.00400000001537,200.00400000001537
LRU,1000000,500000000,3,0.1457328410897626,85.18202316392383,200.00399999998626,200.00400000001537,200.00400000001537
LRU,1000000,500000000,3,0.15431453275411855,83.80547069394979,200.00399999998626,200.00400000001537,200.00400000001537
LRU,1000000,500000000,3,0.1460404709939913,84.87142246197915,200.00399999998626,200.00400000001537,200.00400000001537
LRU,1000000,500000000,3,0.1572965378405016,84.04412244867959,200.00399999998626,200.00400000001537,200.00400000001537
LRU,1000000,500000000,3,0.15401052234651919,84.27545309528475,200.00399999998626,200.00400000001537,200.00400000001537
LRU,1000000,500000000,3,0.14576493762311227,84.99630789527845,200.00399999998626,200.00400000001537,200.00400000001537
LRU,1000000,50000000,4,0.08012566886606794,90.28934015430052,200.00400000000081,200.00400000001537,200.00400000001537
LRU,1000000,50000000,4,0.08570278221054518,89.94911692660861,200.00400000000081,200.00400000001537,200.00400000001537
LRU,1000000,50000000,4,0.08162731356271019,90.41454056149365,200.00400000000081,200.00400000001537,200.00400000001537
LRU,1000000,50000000,4,0.08335461298910188,89.84041755272065,200.00400000000081,200.00400000001537,200.00400000001537
LRU,1000000,50000000,4,0.08146936181107112,90.45823056235628,200.00400000000081,200.00400000001537,200.00400000001537
LRU,1000000,50000000,4,0.08712380025160626,89.46353385454535,200.00400000000081,200.00400000001537,200.00400000001537
LRU,1000000,50000000,4,0.07945550527015813,90.42434807548945,200.00400000000081,200.00400000001537,200.00400000001537
LRU,1000000,50000000,4,0.08240533865550424,90.34667377445324,200.00400000000081,200.00400000001537,200.00400000001537
LRU,1000000,50000000,4,0.08557701077730147,89.95568707165198,200.00400000000081,200.00400000001537,200.00400000001537
LRU,1000000,50000000,4,0.07734143781909938,90.75602734509023,200.00400000000081,200.00400000001537,200.00400000001537
LRU,1000000,100000000,4,0.08557095615856508,90.45156808139268,200.00400000000081,200.00400000001537,200.00400000001537
LRU,1000000,100000000,4,0.08947954808070241,90.28746684115968,200.00400000000081,200.00400000001537,200.00400000001537
LRU,1000000,100000000,4,0.08626266982963122,90.57539990094041,200.00400000000081,200.00400000001537,200.00400000001537
LRU,1000000,100000000,4,0.08782187573824711,90.1304607238876,200.00400000000081,200.00400000001537,200.00400000001537
LRU,1000000,100000000,4,0.0863050777263382,90.61764060851127,200.00400000000081,200.00400000001537,200.00400000001537
LRU,1000000,100000000,4,0.09078487617158912,89.8850628809248,200.00400000000081,200.00400000001537,200.00400000001537
LRU,1000000,100000000,4,0.08384805755055336,90.62090438449954,200.00400000000081,200.00400000001537,200.00400000001537
LRU,1000000,100000000,4,0.08550987391789136,90.63441019641466,200.00400000000081,200.00400000001537,200.00400000001537
LRU,1000000,100000000,4,0.09046417147743648,90.24994451954655,200.00400000000081,200.00400000001537,200.00400000001537
LRU,1000000,100000000,4,0.08289516583182667,90.8512221487298,200.00400000000081,200.00400000001537,200.00400000001537
LRU,1000000,150000000,4,0.0948053991314131,89.90640647015525,200.00400000000081,200.00400000001537,200.00400000001537
LRU,1000000,150000000,4,0.09818353203421884,89.73465845082704,200.00400000000081,200.00400000001537,200.00400000001537
LRU,1000000,150000000,4,0.09528394396072866,89.97459554816012,200.00400000000081,200.00400000001537,200.00400000001537
LRU,1000000,150000000,4,0.09470076253562351,89.85689644241373,200.00400000000081,200.00400000001537,200.00400000001537
LRU,1000000,150000000,4,0.09263390208595362,90.23003255704272,200.00400000000081,200.00400000001537,200.00400000001537
LRU,1000000,150000000,4,0.10015437484104123,89.10334526617795,200.00400000000081,200.00400000001537,200.00400000001537
LRU,1000000,150000000,4,0.09179739095590746,90.26561619559362,200.00400000000081,200.00400000001537,200.00400000001537
LRU,1000000,150000000,4,0.09453971587656144,90.00580998608777,200.00400000000081,200.00400000001537,200.00400000001537
LRU,1000000,150000000,4,0.09891511308566989,89.64306399324762,200.00400000000081,200.00400000001537,200.00400000001537
LRU,1000000,150000000,4,0.09355635403942687,90.13029070846763,200.00400000000081,200.00400000001537,200.00400000001537
LRU,1000000,300000000,4,0.12245798200357068,87.06330546128433,200.00399999998626,200.00400000001537,200.00400000001537
LRU,1000000,300000000,4,0.12314615173859697,87.34331668049664,200.00399999998626,200.00400000001537,200.00400000001537
LRU,1000000,300000000,4,0.11839238517036932,87.75868101846686,200.00400000000081,200.00400000001537,200.00400000001537
LRU,1000000,300000000,4,0.11997331609998124,87.48761353930487,200.0039999999999,200.00400000001537,200.00400000001537
LRU,1000000,300000000,4,0.11622376330274682,88.00094368287512,200.0039999999999,200.00400000001537,200.00400000001537
LRU,1000000,300000000,4,0.12471528056186616,86.72117491066872,200.00399999998626,200.00400000001537,200.00400000001537
LRU,1000000,300000000,4,0.1146188511886311,87.947726886381,200.0039999999999,200.00400000001537,200.00400000001537
LRU,1000000,300000000,4,0.12123929930365396,87.42129598834558,200.0039999999999,200.00400000001537,200.00400000001537
LRU,1000000,300000000,4,0.12314590005213376,87.3245192253268,200.00400000000081,200.00400000001537,200.00400000001537
LRU,1000000,300000000,4,0.11872075255467482,87.78169067663588,200.00399999998626,200.00400000001537,200.00400000001537
LRU,1000000,500000000,4,0.1489759580540966,83.72491535234012,200.00399999998626,200.00400000001537,200.00400000001537
LRU,1000000,500000000,4,0.15146405622071218,83.63226922450477,200.00399999998626,200.00400000001537,200.00400000001537
LRU,1000000,500000000,4,0.15027764613307343,83.92946021619028,200.00399999998626,200.00400000001537,200.00400000001537
LRU,1000000,500000000,4,0.15147862782385624,83.45089827270031,200.00399999998626,200.00400000001537,200.00400000001537
LRU,1000000,500000000,4,0.14546479478162833,84.56519722040528,200.00399999998626,200.00400000001537,200.00400000001537
LRU,1000000,500000000,4,0.14953643052993373,83.5778612683627,200.00399999998626,200.00400000001537,200.00400000001537
LRU,1000000,500000000,4,0.14122368236811764,84.63723409632375,200.00399999998626,200.00400000001537,200.00400000001537
LRU,1000000,500000000,4,0.1520457899208514,83.64235124443117,200.00399999998626,200.00400000001537,200.00400000001537
LRU,1000000,500000000,4,0.15345867709475894,83.57847611518866,200.00399999998626,200.00400000001537,200.00400000001537
LRU,1000000,500000000,4,0.1456219629113043,84.47064851092185,200.00399999998626,200.00400000001537,200.00400000001537
LRU,1000000,50000000,5,0.07953666591189124,90.45860962131944,200.00400000000081,200.00400000001537,200.00400000001537
LRU,1000000,50000000,5,0.08551156812339332,90.05077702531344,200.00400000000081,200.00400000001537,200.00400000001537
LRU,1000000,50000000,5,0.08132685931952315,90.39203740586072,200.00400000000081,200.00400000001537,200.00400000001537
LRU,1000000,50000000,5,0.08296680388276538,89.95654833726644,200.00400000000081,200.00400000001537,200.00400000001537
LRU,1000000,50000000,5,0.08210490986654419,90.48522745019663,200.00400000000081,200.00400000001537,200.00400000001537
LRU,1000000,50000000,5,0.08658876132859603,89.5711382272649,200.00400000000081,200.00400000001537,200.00400000001537
LRU,1000000,50000000,5,0.07912239125449125,90.42105130437643,200.00400000000081,200.00400000001537,200.00400000001537
LRU,1000000,50000000,5,0.08150960709863563,90.43977822914127,200.00400000000081,200.00400000001537,200.00400000001537
LRU,1000000,50000000,5,0.08492040640039489,89.9649776001034,200.00400000000081,200.00400000001537,200.00400000001537
LRU,1000000,50000000,5,0.07671588540746758,90.72222982289676,200.00400000000081,200.00400000001537,200.00400000001537
LRU,1000000,100000000,5,0.08785335702102627,90.12957082671718,200.00400000000081,200.00400000001537,200.00400000001537
LRU,1000000,100000000,5,0.09239014945812575,89.88201975896537,200.00400000000081,200.00400000001537,200.00400000001537
LRU,1000000,100000000,5,0.08710093622951352,90.37632089213494,200.00400000000081,200.00400000001537,200.00400000001537
LRU,1000000,100000000,5,0.08786971083541677,89.92280524624945,200.00400000000081,200.00400000001537,200.00400000001537
LRU,1000000,100000000,5,0.0877376060543353,90.4141480492634,200.00400000000081,200.00400000001537,200.00400000001537
LRU,1000000,100000000,5,0.09291509848245942,89.50236649086793,200.00400000000081,200.00400000001537,200.00400000001537
LRU,1000000,100000000,5,0.08507278078386572,90.33073652526443,200.00400000000081,200.00400000001537,200.00400000001537
LRU,1000000,100000000,5,0.08677093111815654,90.30976814270007,200.00400000000081,200.00400000001537,200.00400000001537
LRU,1000000,100000000,5,0.09131489911962164,89.93818633996167,200.00400000000081,200.00400000001537,200.00400000001537
LRU,1000000,100000000,5,0.08412636977903311,90.4082278539502,200.00400000000081,200.00400000001537,200.00400000001537
LRU,1000000,150000000,5,0.09735184493864031,89.32379154488353,200.00400000000081,200.00400000001537,200.00400000001537
LRU,1000000,150000000,5,0.1002853286607312,89.3695620780902,200.00400000000081,200.00400000001537,200.00400000001537
LRU,1000000,150000000,5,0.09634568208114723,89.64170568186856,200.00400000000081,200.00400000001537,200.00400000001537
LRU,1000000,150000000,5,0.0960160351922804,89.4437858584255,200.00400000000081,200.00400000001537,200.00400000001537
LRU,1000000,150000000,5,0.09700123034049303,89.77036020474671,200.00400000000081,200.00400000001537,200.00400000001537
LRU,1000000,150000000,5,0.10262611587038628,88.65620802010584,200.00400000000081,200.00400000001537,200.00400000001537
LRU,1000000,150000000,5,0.09230914923588669,89.77516756449366,200.00400000000081,200.00400000001537,200.00400000001537
LRU,1000000,150000000,5,0.0973546446210515,89.52012485618418,200.00400000000081,200.00400000001537,200.00400000001537
LRU,1000000,150000000,5,0.10113862719504652,89.21964404459496,200.00400000000081,200.00400000001537,200.00400000001537
LRU,1000000,150000000,5,0.09193810014326478,89.79190352602416,200.00400000000081,200.00400000001537,200.00400000001537
LRU,1000000,300000000,5,0.12121437231083747,86.73497303928823,200.0039999999999,200.00400000001537,200.00400000001537
LRU,1000000,300000000,5,0.12524810725364585,86.7545573366334,200.00399999998626,200.00400000001537,200.00400000001537
LRU,1000000,300000000,5,0.12166968241093155,87.20261766443129,200.00400000000081,200.00400000001537,200.00400000001537
LRU,1000000,300000000,5,0.11998243146192791,86.93715380684577,200.0039999999999,200.00400000001537,200.00400000001537
LRU,1000000,300000000,5,0.12028891481358031,87.3742016799445,200.00399999998626,200.00400000001537,200.00400000001537
LRU,1000000,300000000,5,0.12300574676873924,86.55413971369872,200.00399999998626,200.00400000001537,200.00400000001537
LRU,1000000,300000000,5,0.11581629017316326,87.35869908265184,200.00399999998626,200.00400000001537,200.00400000001537
LRU,1000000,300000000,5,0.12284589018717959,86.84034217241583,200.0039999999999,200.00400000001537,200.00400000001537
LRU,1000000,300000000,5,0.12818768014738657,86.30808052237225,200.00399999998626,200.00400000001537,200.00400000001537
LRU,1000000,300000000,5,0.11709745800452465,87.18252120579045,200.00399999998626,200.00400000001537,200.00400000001537
LRU,1000000,500000000,5,0.1489919588063084,82.93048665724062,200.00399999998626,200.00400000001537,200.00400000001537
LRU,1000000,500000000,5,0.14895940600229693,83.35920514880138,200.00399999998626,200.00400000001537,200.00400000001537
LRU,1000000,500000000,5,0.1486764007597341,83.5347825096859,200.00399999998626,200.00400000001537,200.00400000001537
LRU,1000000,500000000,5,0.14509255362657295,83.50634698535615,200.00399999998626,200.00400000001537,200.00400000001537
LRU,1000000,500000000,5,0.14541536632486254,83.85129054600398,200.00399999998626,200.00400000001537,200.00400000001537
LRU,1000000,500000000,5,0.14659074749964449,83.37626275459455,200.00399999998626,200.00400000001537,200.00400000001537
LRU,1000000,500000000,5,0.1379220363308563,84.20738459111216,200.00399999998626,200.00400000001537,200.00400000001537
LRU,1000000,500000000,5,0.1493838390722178,83.00338946645557,200.00399999998626,200.00400000001537,200.00400000001537
LRU,1000000,500000000,5,0.15222770074227024,82.95352120448429,200.00399999998626,200.00400000001537,200.00400000001537
LRU,1000000,500000000,5,0.14296301566409353,83.48020321600791,200.00399999998626,200.00400000001537,200.00400000001537
LRU,1000000,50000000,6,0.0802022611884167,90.31564099609193,200.00400000000081,200.00400000001537,200.00400000001537
LRU,1000000,50000000,6,0.08404261563747359,90.15340530956787,200.00400000000081,200.00400000001537,200.00400000001537
LRU,1000000,50000000,6,0.08112755039060433,90.51970731507913,200.00400000000081,200.00400000001537,200.00400000001537
LRU,1000000,50000000,6,0.08366043773762165,89.87904959043588,200.00400000000081,200.00400000001537,200.00400000001537
LRU,1000000,50000000,6,0.08129711119858526,90.36183688209354,200.00400000000081,200.00400000001537,200.00400000001537
LRU,1000000,50000000,6,0.08655718475073314,89.5520767980928,200.00400000000081,200.00400000001537,200.00400000001537
LRU,1000000,50000000,6,0.07931917147228433,90.50562881258836,200.00400000000081,200.00400000001537,200.00400000001537
LRU,1000000,50000000,6,0.08243919517268365,90.41830588947374,200.00400000000081,200.00400000001537,200.00400000001537
LRU,1000000,50000000,6,0.08481392698088154,90.09767931899717,200.00400000000081,200.00400000001537,200.00400000001537
LRU,1000000,50000000,6,0.07635881079045242,90.81864291708825,200.00400000000081,200.00400000001537,200.00400000001537
LRU,1000000,100000000,6,0.08784178219106192,89.8511787053478,200.00400000000081,200.00400000001537,200.00400000001537
LRU,1000000,100000000,6,0.09211204775612788,89.77058251969432,200.00400000000081,200.00400000001537,200.00400000001537
LRU,1000000,100000000,6,0.08979559326333925,90.06411129118102,200.00400000000081,200.00400000001537,200.00400000001537
LRU,1000000,100000000,6,0.09092973396992601,89.68759263216113,200.00400000000081,200.00400000001537,200.00400000001537
LRU,1000000,100000000,6,0.08694806801711033,90.13197595868726,200.00400000000081,200.00400000001537,200.00400000001537
LRU,1000000,100000000,6,0.0936013968511959,89.2510754750991,200.00400000000081,200.00400000001537,200.00400000001537
LRU,1000000,100000000,6,0.08786295589269567,90.08174690829581,200.00400000000081,200.00400000001537,200.00400000001537
LRU,1000000,100000000,6,0.08931138405046328,90.04396066309029,200.00400000000081,200.00400000001537,200.00400000001537
LRU,1000000,100000000,6,0.09253906549553748,89.80276286428833,200.00400000000081,200.00400000001537,200.00400000001537
LRU,1000000,100000000,6,0.08371928166351607,90.46445524251773,200.00400000000081,200.00400000001537,200.00400000001537
LRU,1000000,150000000,6,0.0973052034394114,89.05357822849311,200.00400000000081,200.00400000001537,200.00400000001537
LRU,1000000,150000000,6,0.10080643970600829,88.96417757626845,200.00400000000081,200.00400000001537,200.00400000001537
LRU,1000000,150000000,6,0.09832464664441534,89.29038079131554,200.00400000000081,200.00400000001537,200.00400000001537
LRU,1000000,150000000,6,0.09908317096895317,89.08296526067562,200.00400000000081,200.00400000001537,200.00400000001537
LRU,1000000,150000000,6,0.09424522896818131,89.61165983719484,200.00400000000081,200.00400000001537,200.00400000001537
LRU,1000000,150000000,6,0.1033947658003971,88.3788180669439,200.00400000000081,200.00400000001537,200.00400000001537
LRU,1000000,150000000,6,0.09389840946504495,89.56771032706095,200.00400000000081,200.00400000001537,200.00400000001537
LRU,1000000,150000000,6,0.09746356460815325,89.31149328292688,200.00400000000081,200.00400000001537,200.00400000001537
LRU,1000000,150000000,6,0.10147049688062973,89.12156407892155,200.00400000000081,200.00400000001537,200.00400000001537
LRU,1000000,150000000,6,0.09262053093365992,89.63443904143598,200.00400000000081,200.00400000001537,200.00400000001537
LRU,1000000,300000000,6,0.12065001629484787,86.45502801121157,200.0039999999999,200.00400000001537,200.00400000001537
LRU,1000000,300000000,6,0.1235073919636088,86.41847684085427,200.00399999998626,200.00400000001537,200.00400000001537
LRU,1000000,300000000,6,0.12441620522260655,86.58227955929736,200.00400000000081,200.00400000001537,200.00400000001537
LRU,1000000,300000000,6,0.12177923475240159,86.51838393100788,200.0039999999999,200.00400000001537,200.00400000001537
LRU,1000000,300000000,6,0.1131478091920933,87.47862707957995,200.0039999999999,200.00400000001537,200.00400000001537
LRU,1000000,300000000,6,0.12378601992081388,86.11895619809593,200.00399999998626,200.00400000001537,200.00400000001537
LRU,1000000,300000000,6,0.11335811398109116,87.29037934448195,200.00400000000002,200.00400000001537,200.00400000001537
LRU,1000000,300000000,6,0.12246253279769935,86.5414767476294,200.00399999998626,200.00400000001537,200.00400000001537
LRU,1000000,300000000,6,0.12458291600239435,86.37887625712924,200.0039999999999,200.00400000001537,200.00400000001537
LRU,1000000,300000000,6,0.11519341192931698,87.11056363340995,200.00399999998626,200.00400000001537,200.00400000001537
LRU,1000000,500000000,6,0.1434064162740418,83.09105326901184,200.00399999998626,200.00400000001537,200.00400000001537
LRU,1000000,500000000,6,0.14634730255749412,82.91264121665746,200.00399999998626,200.00400000001537,200.00400000001537
LRU,1000000,500000000,6,0.15041051971559383,82.62826367637281,200.00399999998626,200.00400000001537,200.00400000001537
LRU,1000000,500000000,6,0.14442740965901874,83.07802982633326,200.00399999998626,200.00400000001537,200.00400000001537
LRU,1000000,500000000,6,0.13826959203204198,83.76060676880256,200.00399999998626,200.00400000001537,200.00400000001537
LRU,1000000,500000000,6,0.14605650391264946,82.71815220296592,200.00399999998626,200.00400000001537,200.00400000001537
LRU,1000000,500000000,6,0.1363193797073142,83.83383430691539,200.00399999998626,200.00400000001537,200.00400000001537
LRU,1000000,500000000,6,0.14954141185442227,82.58049143389312,200.00399999998626,200.00400000001537,200.00400000001537
LRU,1000000,500000000,6,0.14736378782686785,82.8205094578341,200.00399999998626,200.00400000001537,200.00400000001537
LRU,1000000,500000000,6,0.13871192897154247,83.55905164268327,200.00399999998626,200.00400000001537,200.00400000001537
LRU,1000000,50000000,8,0.08078444268923256,90.26549157999622,200.00400000000081,200.00400000001537,200.00400000001537
LRU,1000000,50000000,8,0.08433840955487247,90.02759120723842,200.00400000000081,200.00400000001537,200.00400000001537
LRU,1000000,50000000,8,0.08209980206639157,90.56760166823858,200.00400000000081,200.00400000001537,200.00400000001537
LRU,1000000,50000000,8,0.08379052807825728,89.83903025490324,200.00400000000081,200.00400000001537,200.00400000001537
LRU,1000000,50000000,8,0.08124878862452353,90.39230543061997,200.00400000000081,200.00400000001537,200.00400000001537
LRU,1000000,50000000,8,0.08613561190738699,89.69637941621225,200.00400000000081,200.00400000001537,200.00400000001537
LRU,1000000,50000000,8,0.07887232854161155,90.53763629671276,200.00400000000081,200.00400000001537,200.00400000001537
LRU,1000000,50000000,8,0.08260202101003447,90.35673238005873,200.00400000000081,200.00400000001537,200.00400000001537
LRU,1000000,50000000,8,0.08472711267605634,90.01098843125565,200.00400000000081,200.00400000001537,200.00400000001537
LRU,1000000,50000000,8,0.07783445827605594,90.7176462189976,200.00400000000081,200.00400000001537,200.00400000001537
LRU,1000000,100000000,8,0.08928297839742608,89.6378678547317,200.00400000000081,200.00400000001537,200.00400000001537
LRU,1000000,100000000,8,0.09206160579819277,89.43048907661398,200.00400000000081,200.00400000001537,200.00400000001537
LRU,1000000,100000000,8,0.09019536134771017,89.99585508283835,200.00400000000081,200.00400000001537,200.00400000001537
LRU,1000000,100000000,8,0.09170076993459822,89.386307031687,200.00400000000081,200.00400000001537,200.00400000001537
LRU,1000000,100000000,8,0.08813038112266088,89.99757866245447,200.00400000000081,200.00400000001537,200.00400000001537
LRU,1000000,100000000,8,0.094766120472434,88.98494065207444,200.00400000000081,200.00400000001537,200.00400000001537
LRU,1000000,100000000,8,0.08740452387271816,89.91759996912509,200.00400000000081,200.00400000001537,200.00400000001537
LRU,1000000,100000000,8,0.09240958168623517,89.61163679643714,200.00400000000081,200.00400000001537,200.00400000001537
LRU,1000000,100000000,8,0.09291018309498512,89.49876422086278,200.00400000000081,200.00400000001537,200.00400000001537
LRU,1000000,100000000,8,0.08534267517427413,90.20812889014974,200.00400000000081,200.00400000001537,200.00400000001537
LRU,1000000,150000000,8,0.09891105738718714,88.7268859277651,200.00400000000081,200.00400000001537,200.00400000001537
LRU,1000000,150000000,8,0.10059434882412048,88.61535689343123,200.00400000000081,200.00400000001537,200.00400000001537
LRU,1000000,150000000,8,0.09866741519914904,89.163416853017,200.00400000000081,200.00400000001537,200.00400000001537
LRU,1000000,150000000,8,0.09914974911112814,88.7378589978808,200.00400000000081,200.00400000001537,200.00400000001537
LRU,1000000,150000000,8,0.09763381711513378,89.09817682412331,200.00400000000081,200.00400000001537,200.00400000001537
LRU,1000000,150000000,8,0.10305788775961114,88.22300435137723,200.00400000000081,200.00400000001537,200.00400000001537
LRU,1000000,150000000,8,0.09386203760033549,89.25104088421024,200.00400000000081,200.00400000001537,200.00400000001537
LRU,1000000,150000000,8,0.10160603177792091,88.73517659459834,200.00400000000081,200.00400000001537,200.00400000001537
LRU,1000000,150000000,8,0.10064085179638954,88.74604713297562,200.00400000000081,200.00400000001537,200.00400000001537
LRU,1000000,150000000,8,0.09289260787504837,89.4136166140444,200.00400000000081,200.00400000001537,200.00400000001537
LRU,1000000,300000000,8,0.12031418932890625,85.91755933721194,200.00399999998626,200.00400000001537,200.00400000001537
LRU,1000000,300000000,8,0.1190732393286616,86.10220659271481,200.0039999999999,200.00400000001537,200.00400000001537
LRU,1000000,300000000,8,0.12162973967134136,86.38581457527256,200.00400000000081,200.00400000001537,200.00400000001537
LRU,1000000,300000000,8,0.12133993646598688,85.94645885096836,200.00399999998626,200.00400000001537,200.00400000001537
LRU,1000000,300000000,8,0.11821628122054491,86.50945970140627,200.00399999998626,200.00400000001537,200.00400000001537
LRU,1000000,300000000,8,0.11924886784381407,86.26123235248065,200.0039999999999,200.00400000001537,200.00400000001537
LRU,1000000,300000000,8,0.11177949601283457,86.87195166998218,200.0039999999999,200.00400000001537,200.00400000001537
LRU,1000000,300000000,8,0.1218337057369893,86.28364829289461,200.00399999998626,200.00400000001537,200.00400000001537
LRU,1000000,300000000,8,0.12169751154468472,86.11336042513213,200.00400000000081,200.00400000001537,200.00400000001537
LRU,1000000,300000000,8,0.11257978455950642,86.92491871102422,200.00399999998626,200.00400000001537,200.00400000001537
LRU,1000000,500000000,8,0.14250202981772825,82.22673061144296,200.00399999998626,200.00400000001537,200.00400000001537
LRU,1000000,500000000,8,0.13925865006168126,82.54733351246787,200.00399999998626,200.00400000001537,200.00400000001537
LRU,1000000,500000000,8,0.14686730957174984,82.18552368935764,200.00399999998626,200.00400000001537,200.00400000001537
LRU,1000000,500000000,8,0.1425775855483143,82.37576878773858,200.00399999998626,200.00400000001537,200.00400000001537
LRU,1000000,500000000,8,0.14111268255821133,82.54588139511736,200.00399999998626,200.00400000001537,200.00400000001537
LRU,1000000,500000000,8,0.14143981777728204,82.27155116601816,200.00399999998626,200.00400000001537,200.00400000001537
LRU,1000000,500000000,8,0.13280088551586894,83.5058846364432,200.00399999998626,200.00400000001537,200.00400000001537
LRU,1000000,500000000,8,0.1445987690711439,82.59210696757144,200.00399999998626,200.00400000001537,200.00400000001537
LRU,1000000,500000000,8,0.14288106661339084,82.3357904985388,200.00399999998626,200.00400000001537,200.00400000001537
LRU,1000000,500000000,8,0.13589588199645802,82.85026351987938,200.00399999998626,200.00400000001537,200.00400000001537
Prefetching,1000000,50000000,1,0.6486335353206718,132.24951724575521,0,190,200.00400000001537
Prefetching,1000000,50000000,1,0.6491859460060555,130.3592084420814,0,190,200.00400000001537
Prefetching,1000000,50000000,1,0.6488448175293551,131.65220663602884,0,190,200.00400000001537
Prefetching,1000000,50000000,1,0.6497278412111699,130.8248232091384,0,190,200.00400000001537
Prefetching,1000000,50000000,1,0.6492064299521824,132.40652080012808,0,190,200.00400000001537
Prefetching,1000000,50000000,1,0.6489349922489984,129.1521381523098,0,190,200.00400000001537
Prefetching,1000000,50000000,1,0.6492796164725838,131.8849229177947,0,190,200.00400000001537
Prefetching,1000000,50000000,1,0.6495388001196737,131.2705563382734,0,190,200.00400000001537
Prefetching,1000000,50000000,1,0.6498980319921462,130.5032293951542,0,190,200.00400000001537
Prefetching,1000000,50000000,1,0.6493706378958276,132.07789941601177,0,190,200.00400000001537
Prefetching,1000000,100000000,1,0.6550563397469796,132.52875049449443,0,190,200.00400000001537
Prefetching,1000000,100000000,1,0.6553003873029356,130.83814745746392,0,190,200.00400000001537
Prefetching,1000000,100000000,1,0.6547758086629767,131.94705870970967,0,190,200.00400000001537
Prefetching,1000000,100000000,1,0.6557904388484471,131.23935325730835,0,190,200.00400000001537
Prefetching,1000000,100000000,1,0.6551183347590533,132.72820546882468,0,190,200.00400000001537
Prefetching,1000000,100000000,1,0.6547836455016074,129.4268878457828,0,190,200.00400000001537
Prefetching,1000000,100000000,1,0.6560974246681129,131.86809666616867,0,190,200.00400000001537
Prefetching,1000000,100000000,1,0.6548381697277721,131.7248183949061,0,190,200.00400000001537
Prefetching,1000000,100000000,1,0.655134735915582,130.8577791579633,0,190,200.00400000001537
Prefetching,1000000,100000000,1,0.6554506219852755,132.370052301976,0,190,200.00400000001537
Prefetching,1000000,150000000,1,0.6597311139564661,133.13352589319823,0,190,200.00400000001537
Prefetching,1000000,150000000,1,0.6604777750286553,131.38380341035875,0,190,200.00400000001537
Prefetching,1000000,150000000,1,0.659614974565171,132.73225095606074,0,190,200.00400000001537
Prefetching,1000000,150000000,1,0.6603218488586418,131.70181875664355,0,190,200.00400000001537
Prefetching,1000000,150000000,1,0.6595455586371848,133.4430489889068,0,190,200.00400000001537
Prefetching,1000000,150000000,1,0.6603325415676959,130.4163890620482,0,190,200.00400000001537
Prefetching,1000000,150000000,1,0.6602647024507043,132.44941826137043,0,190,200.00400000001537
Prefetching,1000000,150000000,1,0.6603775497789853,132.51368853537141,0,190,200.00400000001537
Prefetching,1000000,150000000,1,0.6603467530433113,131.6112683205721,0,190,200.00400000001537
Prefetching,1000000,150000000,1,0.6604011170347804,132.90238242118556,0,190,200.00400000001537
Prefetching,1000000,300000000,1,0.6613802339979279,133.96561929402353,0,190,200.00400000001537
Prefetching,1000000,300000000,1,0.6620468708415561,132.57656518534247,0,190,200.00400000001537
Prefetching,1000000,300000000,1,0.6612597057724735,133.8739826666039,0,190,200.00400000001537
Prefetching,1000000,300000000,1,0.6620616098245685,132.87993859426766,0,190,200.00400000001537
Prefetching,1000000,300000000,1,0.66097911583977,134.60459660145688,0,190,200.00400000001537
Prefetching,1000000,300000000,1,0.6620542975103215,131.40917044870775,0,190,200.00400000001537
Prefetching,1000000,300000000,1,0.6618293156585909,133.53388112905134,0,190,200.00400000001537
Prefetching,1000000,300000000,1,0.6617378025732904,133.42322645578253,0,190,200.00400000001537
Prefetching,1000000,300000000,1,0.6619469827196236,132.73606756023025,0,190,200.00400000001537
Prefetching,1000000,300000000,1,0.661915272986256,133.59101250308325,0,190,200.00400000001537
Prefetching,1000000,500000000,1,0.6660710096386625,132.5566155102373,0,190,200.00400000001537
Prefetching,1000000,500000000,1,0.6665771838771899,131.64130328739688,0,190,200.00400000001537
Prefetching,1000000,500000000,1,0.6658115264253308,132.64272263275643,0,190,200.00400000001537
Prefetching,1000000,500000000,1,0.6665504879506075,131.98961001446312,0,190,200.00400000001537
Prefetching,1000000,500000000,1,0.6651296454838113,133.42682346028712,0,190,200.00400000001537
Prefetching,1000000,500000000,1,0.6670574443141852,130.54617706195202,0,190,200.00400000001537
Prefetching,1000000,500000000,1,0.6663808830713096,132.20532364198056,0,190,200.00400000001537
Prefetching,1000000,500000000,1,0.6661213904543414,132.48632870607054,0,190,200.00400000001537
Prefetching,1000000,500000000,1,0.6664663342141338,131.52523007336256,0,190,200.00400000001537
Prefetching,1000000,500000000,1,0.6664817646647277,132.66051596122014,0,190,200.00400000001537
Prefetching,1000000,50000000,2,0.655467390191461,133.36891486489142,0,190,200.00400000001537
Prefetching,1000000,50000000,2,0.6564709004700634,132.0474930771993,0,190,200.00400000001537
Prefetching,1000000,50000000,2,0.6550170089776709,133.23567296525596,0,190,200.00400000001537
Prefetching,1000000,50000000,2,0.6560866813653438,132.2783087839351,0,190,200.00400000001537
Prefetching,1000000,50000000,2,0.6554838511258848,133.8050300581611,0,190,200.00400000001537
Prefetching,1000000,50000000,2,0.6558756961574651,131.05414122156827,0,190,200.00400000001537
Prefetching,1000000,50000000,2,0.6562924874518262,132.7569805602613,0,190,200.00400000001537
Prefetching,1000000,50000000,2,0.6556971345591394,132.81464765257297,0,190,200.00400000001537
Prefetching,1000000,50000000,2,0.6563403552251136,131.94539250245504,0,190,200.00400000001537
Prefetching,1000000,50000000,2,0.6563822330012639,133.23196075859002,0,190,200.00400000001537
Prefetching,1000000,100000000,2,0.6613173297011097,133.5636095594856,0,190,200.00400000001537
Prefetching,1000000,100000000,2,0.6620424894082378,132.20607428583676,0,190,200.00400000001537
Prefetching,1000000,100000000,2,0.6614512738413696,133.3391939994877,0,190,200.00400000001537
Prefetching,1000000,100000000,2,0.6616193555625822,132.50939765388236,0,190,200.00400000001537
Prefetching,1000000,100000000,2,0.661009738595592,134.00034347405426,0,190,200.00400000001537
Prefetching,1000000,100000000,2,0.662351266144615,131.3017339778996,0,190,200.00400000001537
Prefetching,1000000,100000000,2,0.6617780025439444,133.0622790134046,0,190,200.00400000001537
Prefetching,1000000,100000000,2,0.6617568866438986,133.16214170464238,0,190,200.00400000001537
Prefetching,1000000,100000000,2,0.6619587702403881,131.9902384512395,0,190,200.00400000001537
Prefetching,1000000,100000000,2,0.6616208865645241,133.5187151630603,0,190,200.00400000001537
Prefetching,1000000,150000000,2,0.6619550669704432,133.78012120057767,0,190,200.00400000001537
Prefetching,1000000,150000000,2,0.6625440078145668,132.5161448144405,0,190,200.00400000001537
Prefetching,1000000,150000000,2,0.6617746934857096,133.6939223360855,0,190,200.00400000001537
Prefetching,1000000,150000000,2,0.6624829565111215,132.74231637284123,0,190,200.00400000001537
Prefetching,1000000,150000000,2,0.6615200442016085,134.4337141220373,0,190,200.00400000001537
Prefetching,1000000,150000000,2,0.6628120066398973,131.45102417468067,0,190,200.00400000001537
Prefetching,1000000,150000000,2,0.6623064139555275,133.3170886278239,0,190,200.00400000001537
Prefetching,1000000,150000000,2,0.6620674528686852,133.39114565210636,0,190,200.00400000001537
Prefetching,1000000,150000000,2,0.6623792577529233,132.4259940281984,0,190,200.00400000001537
Prefetching,1000000,150000000,2,0.6623159935709365,133.66779887228486,0,190,200.00400000001537
Prefetching,1000000,300000000,2,0.6654959293716931,132.1507893793489,0,190,200.00400000001537
Prefetching,1000000,300000000,2,0.665512042877383,131.40853945338986,0,190,200.00400000001537
Prefetching,1000000,300000000,2,0.6653866532105462,131.96837085879943,0,190,200.00400000001537
Prefetching,1000000,300000000,2,0.66570503444728,131.61138467483192,0,190,200.00400000001537
Prefetching,1000000,300000000,2,0.6642801327393215,133.40856380505463,0,190,200.00400000001537
Prefetching,1000000,300000000,2,0.6659027976701996,130.36930844622327,0,190,200.00400000001537
Prefetching,1000000,300000000,2,0.6658264985658331,131.6202023014035,0,190,200.00400000001537
Prefetching,1000000,300000000,2,0.6651162555549376,132.30868640589046,0,190,200.00400000001537
Prefetching,1000000,300000000,2,0.6657833619651682,131.2013399722966,0,190,200.00400000001537
Prefetching,1000000,300000000,2,0.6657642186079402,132.17825004875996,0,190,200.00400000001537
Prefetching,1000000,500000000,2,0.674417342569021,125.67069674518945,0,190,200.00400000001537
Prefetching,1000000,500000000,2,0.6741151991479878,125.51560115052118,0,190,200.00400000001537
Prefetching,1000000,500000000,2,0.6740894880620124,125.82002074971723,0,190,200.00400000001537
Prefetching,1000000,500000000,2,0.6740833501782272,125.69261384510459,0,190,200.00400000001537
Prefetching,1000000,500000000,2,0.6726149792477688,126.93752430562715,0,190,200.00400000001537
Prefetching,1000000,500000000,2,0.674664479790217,124.42568922187085,0,190,200.00400000001537
Prefetching,1000000,500000000,2,0.6745089915460725,125.70243008332358,0,190,200.00400000001537
Prefetching,1000000,500000000,2,0.6733115731984929,126.09184154078024,0,190,200.00400000001537
Prefetching,1000000,500000000,2,0.6742093488523362,125.29542716208975,0,190,200.00400000001537
Prefetching,1000000,500000000,2,0.6744415990191522,126.33857062551903,0,190,200.00400000001537
Prefetching,1000000,50000000,3,0.6597557468312825,133.72105137071583,0,190,200.00400000001537
Prefetching,1000000,50000000,3,0.6603614254348927,132.31099302196537,0,190,200.00400000001537
Prefetching,1000000,50000000,3,0.6594963677901275,133.6599835451982,0,190,200.00400000001537
Prefetching,1000000,50000000,3,0.659967845659164,132.70854589486203,0,190,200.00400000001537
Prefetching,1000000,50000000,3,0.6596875611036215,134.13965194397525,0,190,200.00400000001537
Prefetching,1000000,50000000,3,0.6605619348613033,131.4993383017625,0,190,200.00400000001537
Prefetching,1000000,50000000,3,0.6603721302558524,133.24098963073578,0,190,200.00400000001537
Prefetching,1000000,50000000,3,0.6600074902908387,133.137941517327,0,190,200.00400000001537
Prefetching,1000000,50000000,3,0.6603512936878674,132.27020546993566,0,190,200.00400000001537
Prefetching,1000000,50000000,3,0.6598891986670979,133.73906688963652,0,190,200.00400000001537
Prefetching,1000000,100000000,3,0.6621048365999661,133.82853799095423,0,190,200.00400000001537
Prefetching,1000000,100000000,3,0.662686490905375,132.41176140059753,0,190,200.00400000001537
Prefetching,1000000,100000000,3,0.6620252450967831,133.67492895581785,0,190,200.00400000001537
Prefetching,1000000,100000000,3,0.6625424179238726,132.72085085672038,0,190,200.00400000001537
Prefetching,1000000,100000000,3,0.6616924626420834,134.4258659735876,0,190,200.00400000001537
Prefetching,1000000,100000000,3,0.6629928324548078,131.55436993391703,0,190,200.00400000001537
Prefetching,1000000,100000000,3,0.6623412535845965,133.39128318501503,0,190,200.00400000001537
Prefetching,1000000,100000000,3,0.6624041051693588,133.32250952839155,0,190,200.00400000001537
Prefetching,1000000,100000000,3,0.6625983668925509,132.3804670498761,0,190,200.00400000001537
Prefetching,1000000,100000000,3,0.6622915364036122,133.92253089426666,0,190,200.00400000001537
Prefetching,1000000,150000000,3,0.6627489122088559,133.97593435595044,0,190,200.00400000001537
Prefetching,1000000,150000000,3,0.6633394199675606,132.5877624416038,0,190,200.00400000001537
Prefetching,1000000,150000000,3,0.6626793646898851,133.62128242780418,0,190,200.00400000001537
Prefetching,1000000,150000000,3,0.6634787440672523,132.79047241034888,0,190,200.00400000001537
Prefetching,1000000,150000000,3,0.6623377289227046,134.29424142846057,0,190,200.00400000001537
Prefetching,1000000,150000000,3,0.6638329028452887,131.53851405463504,0,190,200.00400000001537
Prefetching,1000000,150000000,3,0.662938006768847,133.47045442079147,0,190,200.00400000001537
Prefetching,1000000,150000000,3,0.6628441422326746,133.48034885961766,0,190,200.00400000001537
Prefetching,1000000,150000000,3,0.6634535042491186,132.37130252507507,0,190,200.00400000001537
Prefetching,1000000,150000000,3,0.6629223253791657,134.00493531685467,0,190,200.00400000001537
Prefetching,1000000,300000000,3,0.668261972341325,129.7527679050637,0,190,200.00400000001537
Prefetching,1000000,300000000,3,0.6684014944661507,129.19759809849273,0,190,200.00400000001537
Prefetching,1000000,300000000,3,0.6678196684993858,129.95959160427776,0,190,200.00400000001537
Prefetching,1000000,300000000,3,0.66761470891747,129.83819280098413,0,190,200.00400000001537
Prefetching,1000000,300000000,3,0.6675965513407522,130.64108067034036,0,190,200.00400000001537
Prefetching,1000000,300000000,3,0.6686371528648996,128.54341086223914,0,190,200.00400000001537
Prefetching,1000000,300000000,3,0.6686869905215652,129.31082359134263,0,190,200.00400000001537
Prefetching,1000000,300000000,3,0.6681074001309758,129.95392357263046,0,190,200.00400000001537
Prefetching,1000000,300000000,3,0.6683926125502355,128.66910858774943,0,190,200.00400000001537
Prefetching,1000000,300000000,3,0.6678109813885024,130.47988406585412,0,190,200.00400000001537
Prefetching,1000000,500000000,3,0.6784690126826769,123.7538687560343,0,190,200.00400000001537
Prefetching,1000000,500000000,3,0.6793050291616755,122.56048921533389,0,190,200.00400000001537
Prefetching,1000000,500000000,3,0.6787186884150207,123.21095410288099,0,190,200.00400000001537
Prefetching,1000000,500000000,3,0.6772321362531374,124.09393689421535,0,190,200.00400000001537
Prefetching,1000000,500000000,3,0.6764564704252255,124.85261285379417,0,190,200.00400000001537
Prefetching,1000000,500000000,3,0.6789135812163807,122.35635232525001,0,190,200.00400000001537
Prefetching,1000000,500000000,3,0.6782947072876389,123.70133530830401,0,190,200.00400000001537
Prefetching,1000000,500000000,3,0.6785759982677336,123.35599308940944,0,190,200.00400000001537
Prefetching,1000000,500000000,3,0.6780758693154478,122.74317632433502,0,190,200.00400000001537
Prefetching,1000000,500000000,3,0.6770855489328024,125.0865002010921,0,190,200.00400000001537
Prefetching,1000000,50000000,4,0.6612780407491253,133.80936195420566,0,190,200.00400000001537
Prefetching,1000000,50000000,4,0.6618671121199855,132.3090583672355,0,190,200.00400000001537
Prefetching,1000000,50000000,4,0.6613488668613499,133.67987765106096,0,190,200.00400000001537
Prefetching,1000000,50000000,4,0.6617911871989165,132.67776253828416,0,190,200.00400000001537
Prefetching,1000000,50000000,4,0.6611038669875842,134.24635906350062,0,190,200.00400000001537
Prefetching,1000000,50000000,4,0.6621083350399345,131.62872691505748,0,190,200.00400000001537
Prefetching,1000000,50000000,4,0.6615902985726246,133.24692387235606,0,190,200.00400000001537
Prefetching,1000000,50000000,4,0.6616773385229192,133.26286271640555,0,190,200.00400000001537
Prefetching,1000000,50000000,4,0.6618354025342378,132.15834501553303,0,190,200.00400000001537
Prefetching,1000000,50000000,4,0.6614715141040677,133.779313823762,0,190,200.00400000001537
Prefetching,1000000,100000000,4,0.6625447044758352,133.65806957011793,0,190,200.00400000001537
Prefetching,1000000,100000000,4,0.6630571979007507,132.46277885529287,0,190,200.00400000001537
Prefetching,1000000,100000000,4,0.6622655263401062,133.79910609446446,0,190,200.00400000001537
Prefetching,1000000,100000000,4,0.6628199415051913,132.90350526468083,0,190,200.00400000001537
Prefetching,1000000,100000000,4,0.6620236490310896,134.36295475653714,0,190,200.00400000001537
Prefetching,1000000,100000000,4,0.6633543544310261,131.64404798709148,0,190,200.00400000001537
Prefetching,1000000,100000000,4,0.6627058172199553,133.3632533938465,0,190,200.00400000001537
Prefetching,1000000,100000000,4,0.6624434713947311,133.53606063807464,0,190,200.00400000001537
Prefetching,1000000,100000000,4,0.6630164540353994,132.20587361761034,0,190,200.00400000001537
Prefetching,1000000,100000000,4,0.6627849088753509,133.74887553128278,0,190,200.00400000001537
Prefetching,1000000,150000000,4,0.6640759048941907,132.81403329688882,0,190,200.00400000001537
Prefetching,1000000,150000000,4,0.6641662974675486,131.98881175794097,0,190,200.00400000001537
Prefetching,1000000,150000000,4,0.6637024771425213,132.9965777735451,0,190,200.00400000001537
Prefetching,1000000,150000000,4,0.6640104140078615,132.40138998398413,0,190,200.00400000001537
Prefetching,1000000,150000000,4,0.6628913065790825,134.05405350636744,0,190,200.00400000001537
Prefetching,1000000,150000000,4,0.6644082463731229,131.2639331757253,0,190,200.00400000001537
Prefetching,1000000,150000000,4,0.6639302389734054,132.82611988687418,0,190,200.00400000001537
Prefetching,1000000,150000000,4,0.6636024806613734,133.01262952094496,0,190,200.00400000001537
Prefetching,1000000,150000000,4,0.6642683653361441,131.87034478883623,0,190,200.00400000001537
Prefetching,1000000,150000000,4,0.6640331768580165,133.2413040837587,0,190,200.00400000001537
Prefetching,1000000,300000000,4,0.669922346503581,128.881149276071,0,190,200.00400000001537
Prefetching,1000000,300000000,4,0.6701539943700983,128.19324286869966,0,190,200.00400000001537
Prefetching,1000000,300000000,4,0.6693723596861798,128.97727196888567,0,190,200.00400000001537
Prefetching,1000000,300000000,4,0.6702700260084553,128.0000104121937,0,190,200.00400000001537
Prefetching,1000000,300000000,4,0.6688951726923854,129.73912363061197,0,190,200.00400000001537
Prefetching,1000000,300000000,4,0.6702708392859829,127.23315732806633,0,190,200.00400000001537
Prefetching,1000000,300000000,4,0.6701472812514133,128.58433383919234,0,190,200.00400000001537
Prefetching,1000000,300000000,4,0.669895734311107,128.66417628541248,0,190,200.00400000001537
Prefetching,1000000,300000000,4,0.6701422846796965,127.88637190189942,0,190,200.00400000001537
Prefetching,1000000,300000000,4,0.6694818684199911,129.57233339914006,0,190,200.00400000001537
Prefetching,1000000,500000000,4,0.6806839323155066,122.59333750319954,0,190,200.00400000001537
Prefetching,1000000,500000000,4,0.6814086250773781,122.1645231646191,0,190,200.00400000001537
Prefetching,1000000,500000000,4,0.6815302275977648,122.33144508699259,0,190,200.00400000001537
Prefetching,1000000,500000000,4,0.6820394304275719,121.4760075441563,0,190,200.00400000001537
Prefetching,1000000,500000000,4,0.6785763785763785,124.0252754375897,0,190,200.00400000001537
Prefetching,1000000,500000000,4,0.6797707160690807,122.13849677764097,0,190,200.00400000001537
Prefetching,1000000,500000000,4,0.6797140559554409,123.23041762342284,0,190,200.00400000001537
Prefetching,1000000,500000000,4,0.6803584617657197,122.65833825894386,0,190,200.00400000001537
Prefetching,1000000,500000000,4,0.6813293418454589,121.39430298545766,0,190,200.00400000001537
Prefetching,1000000,500000000,4,0.6800811883926279,123.66084039997554,0,190,200.00400000001537
Prefetching,1000000,50000000,5,0.6621413763124456,133.6913245737855,0,190,200.00400000001537
Prefetching,1000000,50000000,5,0.6625245526670736,132.43636424872315,0,190,200.00400000001537
Prefetching,1000000,50000000,5,0.66173230940273,133.7291273678171,0,190,200.00400000001537
Prefetching,1000000,50000000,5,0.6624388541276351,132.77079641372686,0,190,200.00400000001537
Prefetching,1000000,50000000,5,0.6614923957801863,134.26735644256917,0,190,200.00400000001537
Prefetching,1000000,50000000,5,0.6628541893752143,131.53492488797443,0,190,200.00400000001537
Prefetching,1000000,50000000,5,0.662022159952698,133.33683339356165,0,190,200.00400000001537
Prefetching,1000000,50000000,5,0.6621290946104337,133.30067692499355,0,190,200.00400000001537
Prefetching,1000000,50000000,5,0.6624576405871104,132.30794510991274,0,190,200.00400000001537
Prefetching,1000000,50000000,5,0.6621938791266483,133.6643429829246,0,190,200.00400000001537
Prefetching,1000000,100000000,5,0.6629852400796502,133.5835951621574,0,190,200.00400000001537
Prefetching,1000000,100000000,5,0.6632477145882678,132.35631221198062,0,190,200.00400000001537
Prefetching,1000000,100000000,5,0.6629436572026638,133.4317923745575,0,190,200.00400000001537
Prefetching,1000000,100000000,5,0.6634675397759247,132.4033173748611,0,190,200.00400000001537
Prefetching,1000000,100000000,5,0.6621460322686862,134.39435970407285,0,190,200.00400000001537
Prefetching,1000000,100000000,5,0.6639237212909018,131.1915406656658,0,190,200.00400000001537
Prefetching,1000000,100000000,5,0.6629484319306613,133.13340300473413,0,190,200.00400000001537
Prefetching,1000000,100000000,5,0.6633447140967672,133.0149965723554,0,190,200.00400000001537
Prefetching,1000000,100000000,5,0.6632860248050122,132.31815455191162,0,190,200.00400000001537
Prefetching,1000000,100000000,5,0.6631170351505941,133.57797507816792,0,190,200.00400000001537
Prefetching,1000000,150000000,5,0.6649018107625606,132.12823348423134,0,190,200.00400000001537
Prefetching,1000000,150000000,5,0.664670536714533,131.45743341563806,0,190,200.00400000001537
Prefetching,1000000,150000000,5,0.6645445541521591,132.3657349870651,0,190,200.00400000001537
Prefetching,1000000,150000000,5,0.6646761551681056,131.7554666989767,0,190,200.00400000001537
Prefetching,1000000,150000000,5,0.6637727156385974,133.3090935713809,0,190,200.00400000001537
Prefetching,1000000,150000000,5,0.6649495545339896,130.58943131402316,0,190,200.00400000001537
Prefetching,1000000,150000000,5,0.6645892987479648,132.12499103910855,0,190,200.00400000001537
Prefetching,1000000,150000000,5,0.6647118569671358,132.05232575364047,0,190,200.00400000001537
Prefetching,1000000,150000000,5,0.6649437549968682,131.3512209531703,0,190,200.00400000001537
Prefetching,1000000,150000000,5,0.6643132680521022,132.76994852240878,0,190,200.00400000001537
Prefetching,1000000,300000000,5,0.6713077220795279,128.04816536535117,0,190,200.00400000001537
Prefetching,1000000,300000000,5,0.6712492978091646,127.32314427802451,0,190,200.00400000001537
Prefetching,1000000,300000000,5,0.6712849195700351,128.05361530145757,0,190,200.00400000001537
Prefetching,1000000,300000000,5,0.6713274425143086,127.5228220232199,0,190,200.00400000001537
Prefetching,1000000,300000000,5,0.6706370382303487,128.70360703282685,0,190,200.00400000001537
Prefetching,1000000,300000000,5,0.6706603356890459,127.03450826809237,0,190,200.00400000001537
Prefetching,1000000,300000000,5,0.6706485929130096,128.19730534980297,0,190,200.00400000001537
Prefetching,1000000,300000000,5,0.6718779015202084,127.40855826930874,0,190,200.00400000001537
Prefetching,1000000,300000000,5,0.6722597428585723,126.68543134197465,0,190,200.00400000001537
Prefetching,1000000,300000000,5,0.671346348488587,128.49678620154785,0,190,200.00400000001537
Prefetching,1000000,500000000,5,0.6822181800304803,121.65119060972687,0,190,200.00400000001537
Prefetching,1000000,500000000,5,0.6823669418886555,121.60867130515318,0,190,200.00400000001537
Prefetching,1000000,500000000,5,0.6829638955967481,121.7595530393746,0,190,200.00400000001537
Prefetching,1000000,500000000,5,0.6827690221663261,121.37488679014592,0,190,200.00400000001537
Prefetching,1000000,500000000,5,0.6810045576420745,123.0776323962236,0,190,200.00400000001537
Prefetching,1000000,500000000,5,0.6811782478828051,121.21488842593773,0,190,200.00400000001537
Prefetching,1000000,500000000,5,0.6804949305703171,123.0153471331194,0,190,200.00400000001537
Prefetching,1000000,500000000,5,0.6826999773508355,121.84045233051688,0,190,200.00400000001537
Prefetching,1000000,500000000,5,0.6825824927547602,120.9469215806071,0,190,200.00400000001537
Prefetching,1000000,500000000,5,0.6826055424266494,122.41292371485054,0,190,200.00400000001537
Prefetching,1000000,50000000,6,0.6621958377526748,133.68258673589258,0,190,200.00400000001537
Prefetching,1000000,50000000,6,0.6626158387883455,132.55483655575577,0,190,200.00400000001537
Prefetching,1000000,50000000,6,0.6620856204236738,133.74216375353598,0,190,200.00400000001537
Prefetching,1000000,50000000,6,0.6627819181994217,132.63390443471988,0,190,200.00400000001537
Prefetching,1000000,50000000,6,0.6617374658817095,134.393671551811,0,190,200.00400000001537
Prefetching,1000000,50000000,6,0.6631464171265344,131.51748278689126,0,190,200.00400000001537
Prefetching,1000000,50000000,6,0.6624166803818301,133.3391877108623,0,190,200.00400000001537
Prefetching,1000000,50000000,6,0.6624213973911389,133.26977526094004,0,190,200.00400000001537
Prefetching,1000000,50000000,6,0.6626949917898194,132.35575418961238,0,190,200.00400000001537
Prefetching,1000000,50000000,6,0.662358534788723,133.74481116827639,0,190,200.00400000001537
Prefetching,1000000,100000000,6,0.6633069379083123,133.30026858226913,0,190,200.00400000001537
Prefetching,1000000,100000000,6,0.6634714296681082,132.22313625196765,0,190,200.00400000001537
Prefetching,1000000,100000000,6,0.663213525231535,133.26523075618948,0,190,200.00400000001537
Prefetching,1000000,100000000,6,0.6636214198292681,132.40496855410797,0,190,200.00400000001537
Prefetching,1000000,100000000,6,0.6624086745648043,134.09103869717956,0,190,200.00400000001537
Prefetching,1000000,100000000,6,0.6641573182806455,131.25546818260548,0,190,200.00400000001537
Prefetching,1000000,100000000,6,0.66348687245625,133.02073383296087,0,190,200.00400000001537
Prefetching,1000000,100000000,6,0.6634324454609791,133.03096252890805,0,190,200.00400000001537
Prefetching,1000000,100000000,6,0.6635002687002585,132.28906629962148,0,190,200.00400000001537
Prefetching,1000000,100000000,6,0.6632254550312946,133.5157382772637,0,190,200.00400000001537
Prefetching,1000000,150000000,6,0.6653075180142481,131.88714050668372,0,190,200.00400000001537
Prefetching,1000000,150000000,6,0.665318369613392,131.12216745260196,0,190,200.00400000001537
Prefetching,1000000,150000000,6,0.6650729666292479,131.9687252089978,0,190,200.00400000001537
Prefetching,1000000,150000000,6,0.66533667614476,131.1977368022081,0,190,200.00400000001537
Prefetching,1000000,150000000,6,0.6641584868910018,132.9483817067446,0,190,200.00400000001537
Prefetching,1000000,150000000,6,0.665663615153533,130.26244614522193,0,190,200.00400000001537
Prefetching,1000000,150000000,6,0.6652075648815627,131.95724243933591,0,190,200.00400000001537
Prefetching,1000000,150000000,6,0.6650650517759032,131.92417920964306,0,190,200.00400000001537
Prefetching,1000000,150000000,6,0.6655287324158632,130.90890732780252,0,190,200.00400000001537
Prefetching,1000000,150000000,6,0.6649377752543465,132.45030930849404,0,190,200.00400000001537
Prefetching,1000000,300000000,6,0.6723480849095498,127.6708885015929,0,190,200.00400000001537
Prefetching,1000000,300000000,6,0.6727494039151255,126.49151253332008,0,190,200.00400000001537
Prefetching,1000000,300000000,6,0.6726929507036243,127.52213029840702,0,190,200.00400000001537
Prefetching,1000000,300000000,6,0.6730545527476935,126.73759698760978,0,190,200.00400000001537
Prefetching,1000000,300000000,6,0.6705932888619365,129.0421341368708,0,190,200.00400000001537
Prefetching,1000000,300000000,6,0.6725617633215498,126.17238751877815,0,190,200.00400000001537
Prefetching,1000000,300000000,6,0.6716812022814377,127.9764709162186,0,190,200.00400000001537
Prefetching,1000000,300000000,6,0.6731739614578213,126.8586463857198,0,190,200.00400000001537
Prefetching,1000000,300000000,6,0.6723546750616591,126.70408506695085,0,190,200.00400000001537
Prefetching,1000000,300000000,6,0.67178517397882,128.43113239486857,0,190,200.00400000001537
Prefetching,1000000,500000000,6,0.6832659413615969,121.51042942712616,0,190,200.00400000001537
Prefetching,1000000,500000000,6,0.6831688526364468,121.17801055502855,0,190,200.00400000001537
Prefetching,1000000,500000000,6,0.6858155819701071,120.58525430426026,0,190,200.00400000001537
Prefetching,1000000,500000000,6,0.682999970455284,121.49798379064282,0,190,200.00400000001537
Prefetching,1000000,500000000,6,0.6806066860493962,123.48678296212536,0,190,200.00400000001537
Prefetching,1000000,500000000,6,0.6832130052551446,120.52918690468057,0,190,200.00400000001537
Prefetching,1000000,500000000,6,0.6813948772731544,122.97738049983218,0,190,200.00400000001537
Prefetching,1000000,500000000,6,0.6842586943258084,121.27889187880056,0,190,200.00400000001537
Prefetching,1000000,500000000,6,0.6832298136645962,120.85707944503766,0,190,200.00400000001537
Prefetching,1000000,500000000,6,0.6830457003184949,122.32255098642713,0,190,200.00400000001537
Prefetching,1000000,50000000,8,0.662492982338671,133.61115548989747,0,190,200.00400000001537
Prefetching,1000000,50000000,8,0.6628033563043679,132.47192274315242,0,190,200.00400000001537
Prefetching,1000000,50000000,8,0.662360863700485,133.68538581026726,0,190,200.00400000001537
Prefetching,1000000,50000000,8,0.6628090424629869,132.65370014628363,0,190,200.00400000001537
Prefetching,1000000,50000000,8,0.6618627795098383,134.32795136274677,0,190,200.00400000001537
Prefetching,1000000,50000000,8,0.6633824177400678,131.45602578213297,0,190,200.00400000001537
Prefetching,1000000,50000000,8,0.6625839202603072,133.4152427562786,0,190,200.00400000001537
Prefetching,1000000,50000000,8,0.662584005635512,133.25192889953914,0,190,200.00400000001537
Prefetching,1000000,50000000,8,0.6629582663784828,132.33050837899333,0,190,200.00400000001537
Prefetching,1000000,50000000,8,0.6626521539800854,133.60286630772518,0,190,200.00400000001537
Prefetching,1000000,100000000,8,0.6639066307554188,132.96239832334288,0,190,200.00400000001537
Prefetching,1000000,100000000,8,0.6639903796950158,131.87980207827758,0,190,200.00400000001537
Prefetching,1000000,100000000,8,0.663784221560416,132.8120898913744,0,190,200.00400000001537
Prefetching,1000000,100000000,8,0.6642067553735926,131.81337864306408,0,190,200.00400000001537
Prefetching,1000000,100000000,8,0.6629778827306262,133.65434570626255,0,190,200.00400000001537
Prefetching,1000000,100000000,8,0.6644139312021741,131.09414765285,0,190,200.00400000001537
Prefetching,1000000,100000000,8,0.6640236182939268,132.54237017697437,0,190,200.00400000001537
Prefetching,1000000,100000000,8,0.6641895695787912,132.39183595164056,0,190,200.00400000001537
Prefetching,1000000,100000000,8,0.6642487364694809,131.62388245782262,0,190,200.00400000001537
Prefetching,1000000,100000000,8,0.663916498952643,133.0964638984261,0,190,200.00400000001537
Prefetching,1000000,150000000,8,0.6657647953688058,131.65258462046498,0,190,200.00400000001537
Prefetching,1000000,150000000,8,0.6661269298138417,130.59168444457393,0,190,200.00400000001537
Prefetching,1000000,150000000,8,0.6658579598161042,131.35038325197445,0,190,200.00400000001537
Prefetching,1000000,150000000,8,0.666486849605081,130.42652239626122,0,190,200.00400000001537
Prefetching,1000000,150000000,8,0.6652324504632637,132.15614599207436,0,190,200.00400000001537
Prefetching,1000000,150000000,8,0.6667411519143555,129.51321143998072,0,190,200.00400000001537
Prefetching,1000000,150000000,8,0.6658197494961863,131.34987047431602,0,190,200.00400000001537
Prefetching,1000000,150000000,8,0.6660654969330154,131.1913808556365,0,190,200.00400000001537
Prefetching,1000000,150000000,8,0.6660961869543515,130.508772535495,0,190,200.00400000001537
Prefetching,1000000,150000000,8,0.665667718460256,132.07331504336642,0,190,200.00400000001537
Prefetching,1000000,300000000,8,0.6734963681604544,127.14588973625452,0,190,200.00400000001537
Prefetching,1000000,300000000,8,0.6738343880003814,126.38442902513034,0,190,200.00400000001537
Prefetching,1000000,300000000,8,0.6746063564290941,126.5605750653884,0,190,200.00400000001537
Prefetching,1000000,300000000,8,0.6747671040769307,125.78429637245456,0,190,200.00400000001537
Prefetching,1000000,300000000,8,0.6730065211370446,127.53253094285668,0,190,200.00400000001537
Prefetching,1000000,300000000,8,0.6730368921325207,125.97192380636355,0,190,200.00400000001537
Prefetching,1000000,300000000,8,0.6728238828200084,127.38905875060087,0,190,200.00400000001537
Prefetching,1000000,300000000,8,0.6743884033554456,126.62791022019601,0,190,200.00400000001537
Prefetching,1000000,300000000,8,0.6735371906633142,126.2761248962378,0,190,200.00400000001537
Prefetching,1000000,300000000,8,0.6727247971518046,128.02879446916964,0,190,200.00400000001537
Prefetching,1000000,500000000,8,0.6849225376727334,120.94717277657494,0,190,200.00400000001537
Prefetching,1000000,500000000,8,0.68519540139298,121.0108766728435,0,190,200.00400000001537
Prefetching,1000000,500000000,8,0.6868602608516443,120.29139520670525,0,190,200.00400000001537
Prefetching,1000000,500000000,8,0.6856224283628534,120.51664753106172,0,190,200.00400000001537
Prefetching,1000000,500000000,8,0.6846461975610718,121.4696275985317,0,190,200.00400000001537
Prefetching,1000000,500000000,8,0.6842138927977485,120.26242207761577,0,190,200.00400000001537
Prefetching,1000000,500000000,8,0.6821886893302385,122.48496775951293,0,190,200.00400000001537
Prefetching,1000000,500000000,8,0.6843064345342166,121.35222660562161,0,190,200.00400000001537
Prefetching,1000000,500000000,8,0.6855747115138886,120.19946500563228,0,190,200.00400000001537
Prefetching,1000000,500000000,8,0.6846346810990183,121.80444967457194,0,190,200.00400000001537
